{
	"class_name" : "PinholeCameraParameters",
	"extrinsic" : 
	[
		1.0,
		-0.0,
		-0.0,
		0.0,
		0.0,
		-1.0,
		-0.0,
		0.0,
		0.0,
		-0.0,
		-1.0,
		0.0,
		0.042681372177222413,
		0.037590801519010536,
		0.35039632862200687,
		1.0
	],
	"intrinsic" : 
	{
		"height" : 1035,
		"intrinsic_matrix" : 
		[
			896.33629291689419,
			0.0,
			0.0,
			0.0,
			896.33629291689419,
			0.0,
			959.5,
			517.0,
			1.0
		],
		"width" : 1920
	},
	"version_major" : 1,
	"version_minor" : 0
}