{
	"class_name" : "PinholeCameraParameters",
	"extrinsic" : 
	[
		-0.65454965803503595,
		0.75501227942250504,
		0.039002603598360268,
		0.0,
		-0.75601900316283976,
		-0.65367055605575175,
		-0.033912696773192474,
		0.0,
		-0.00010964891033006169,
		-0.051684253569126724,
		0.99866346979856979,
		0.0,
		-0.050389232714032596,
		0.084338084585406134,
		0.22970441546715886,
		1.0
	],
	"intrinsic" : 
	{
		"height" : 1035,
		"intrinsic_matrix" : 
		[
			896.33629291689419,
			0.0,
			0.0,
			0.0,
			896.33629291689419,
			0.0,
			486.0,
			517.0,
			1.0
		],
		"width" : 973
	},
	"version_major" : 1,
	"version_minor" : 0
}