{
	"class_name" : "PinholeCameraParameters",
	"extrinsic" : 
	[
		0.94444376602045055,
		-0.26264121583135275,
		-0.19759950549466809,
		0.0,
		-0.25179740111407556,
		-0.96458308720059482,
		0.078597307070707736,
		0.0,
		-0.21124403332947866,
		-0.024475694743941089,
		-0.97712685908713803,
		0.0,
		-0.10711687535894435,
		0.1588640778504159,
		0.12776503459358138,
		1.0
	],
	"intrinsic" : 
	{
		"height" : 1080,
		"intrinsic_matrix" : 
		[
			643.54694000087352,
			0.0,
			0.0,
			0.0,
			643.54694000087352,
			0.0,
			959.5,
			539.5,
			1.0
		],
		"width" : 1920
	},
	"version_major" : 1,
	"version_minor" : 0
}