{
	"class_name" : "PinholeCameraParameters",
	"extrinsic" : 
	[
		-0.24888085475655841,
		0.92760880569914028,
		-0.27856816710647281,
		0.0,
		0.96515797948808602,
		0.2615276487500795,
		0.0085652536290904691,
		0.0,
		0.08079848244936591,
		-0.26673056166976805,
		-0.96037826542733129,
		0.0,
		0.0066844821888733461,
		0.017626854031406961,
		0.02529561966795519,
		1.0
	],
	"intrinsic" : 
	{
		"height" : 1035,
		"intrinsic_matrix" : 
		[
			517.50000000000011,
			0.0,
			0.0,
			0.0,
			517.50000000000011,
			0.0,
			959.5,
			517.0,
			1.0
		],
		"width" : 1920
	},
	"version_major" : 1,
	"version_minor" : 0
}